# E2E flow timings — wall-seconds per flow, regenerated from Maestro JUnit by
# gen-flow-timings.sh. Consumed by run-e2e-queue.sh to seed the work-queue
# LONGEST-FIRST (LPT): the Convex queue hands flows out in INSERTION order
# (convex/e2eQueue.ts claimNext → .first() on by_run_status), so seeding the
# biggest flows first lets the work-stealing runner pool start the long poles
# immediately and balances the tail (NEO-61). Alphabetical seeding left a ~4.5 min
# fastest↔slowest runner spread (e2e-sample-run2, 2026-06-20).
#
# Format: <seconds><TAB><repo-relative flow path>, sorted seconds-desc / path-asc.
# Blank lines and lines starting with # are ignored. A flow NOT listed gets the
# median of the known values (mid-queue) at enqueue time, so a new/unmeasured flow
# is never starved to the end; if this file is missing/empty, enqueue falls back to
# alphabetical order.
#
# DO NOT hand-edit: every "E2E Tests" run rebuilds this (report job → `flow-timings`
# artifact) and the weekly refresh-flow-timings.yml opens a chore PR when it drifts.
576	.maestro/flows/set-selector/flagship-colour-is-a-parallel-both-ways.yaml
441	.maestro/flows/set-selector/cross-release-unlink-keeps-card-in-home-set.yaml
441	.maestro/flows/set-selector/move-set-to-another-brand.yaml
386	.maestro/flows/set-selector/all-brands-view-lists-every-set.yaml
380	.maestro/flows/set-selector/inserts-1996-score-one-nb-set-two-bsc-sources.yaml
360	.maestro/flows/set-selector/set-team-carries-down-to-cards.yaml
345	.maestro/flows/placeholders/pipeline-escalation-cold-start.yaml
339	.maestro/flows/set-selector/checklist-attention-walker-missing-team.yaml
329	.maestro/flows/set-selector/features-propagation.yaml
328	.maestro/flows/set-selector/team-picker.yaml
320	.maestro/flows/set-selector/cross-release-hide-toggle-filters-guest-cards.yaml
305	.maestro/flows/set-selector/cross-release-card-appears-in-guest-checklist.yaml
291	.maestro/flows/set-selector/checklist-wizard-career-team-entry.yaml
283	.maestro/flows/set-selector/cross-release-import-reports-missing-numbers.yaml
283	.maestro/flows/set-selector/move-parallels-of-inserts-custom.yaml
244	.maestro/flows/set-selector/checklist-wizard-skip-not-a-person.yaml
243	.maestro/flows/set-selector/checklist-wizard-link-to-existing-player.yaml
238	.maestro/flows/set-selector/checklist-wizard-back-to-matching-resumes-decisions.yaml
237	.maestro/flows/set-selector/set-fill-teams-from-teammate-card.yaml
227	.maestro/flows/set-selector/checklist-title-length-limits-and-fixer.yaml
226	.maestro/flows/set-selector/checklist-attention-badge-and-filter.yaml
225	.maestro/flows/set-selector/brand-via-all-brands-narrows-sportlots.yaml
225	.maestro/flows/set-selector/custom-set-exists-elsewhere-offers-drill.yaml
216	.maestro/flows/set-selector/card-detail-panel.yaml
209	.maestro/flows/set-selector/checklist-wizard-link-team-saves-alias.yaml
209	.maestro/flows/set-selector/variation-link-group-and-unlink.yaml
196	.maestro/flows/set-selector/parallel-grouping-cancel-discards.yaml
185	.maestro/flows/set-selector/custom-card-crud.yaml
183	.maestro/flows/set-selector/set-attributes-card-prefix.yaml
181	.maestro/flows/set-selector/player-picker-create-custom-card.yaml
172	.maestro/flows/set-selector/parallel-grouping-demoted-parallel-takes-parallels.yaml
172	.maestro/flows/set-selector/team-picker-create-custom-card.yaml
171	.maestro/flows/set-selector/card-autopopulates-features.yaml
169	.maestro/flows/set-selector/parallel-grouping-reject-parallel.yaml
167	.maestro/flows/set-selector/set-attributes-edit.yaml
158	.maestro/flows/set-selector/card-features-editor-toggle.yaml
158	.maestro/flows/set-selector/parallel-grouping-multi-select-moves-together.yaml
154	.maestro/flows/set-selector/card-autograph-always-visible-saves.yaml
153	.maestro/flows/set-selector/custom-card-row-opens-panel-with-autotitle.yaml
141	.maestro/flows/set-selector/rename-selector-option.yaml
137	.maestro/flows/profile/credentials-lifecycle.yaml
131	.maestro/flows/set-selector/checklist-wizard-link-commits.yaml
131	.maestro/flows/set-selector/known-brand-files-set-and-operator-move-sticks.yaml
129	.maestro/flows/set-selector/checklist-wizard-career-team-commits.yaml
128	.maestro/flows/spine-label/player-team-colors-default-to-longest-tenure.yaml
126	.maestro/flows/set-selector/cards-parallel-custom.yaml
124	.maestro/flows/profile/fill-profile-data.yaml
124	.maestro/flows/set-selector/new-chain-autopopulates-features.yaml
119	.maestro/flows/admin/admin-franchises-link-teams.yaml
103	.maestro/flows/admin/admin-teams-two-eras.yaml
98	.maestro/flows/admin/team-management-edit-a-team.yaml
98	.maestro/flows/set-selector/checklist-one-marketplace-skips-match-dialog.yaml
97	.maestro/flows/set-selector/set-rename-survives-resync-and-suggests-bsc-name.yaml
96	.maestro/flows/set-selector/signed-by-autofills-from-players.yaml
95	.maestro/flows/admin/player-management-add-and-career-history.yaml
94	.maestro/flows/set-selector/checklist-pairing-dialog-cancel.yaml
88	.maestro/flows/set-selector/topps-chrome-add-feature.yaml
85	.maestro/flows/admin/admin-players-same-name-birth-year.yaml
79	.maestro/flows/qr-code/generate-qr.yaml
79	.maestro/flows/set-selector/checklist-wizard-skip-commits-and-unskip.yaml
77	.maestro/flows/set-selector/custom-entry-survives-resync.yaml
74	.maestro/flows/admin/league-management-add-and-edit.yaml
73	.maestro/flows/sale/running-total.yaml
71	.maestro/flows/placeholders/flip-edge-mirrors-the-backs.yaml
70	.maestro/flows/set-selector/multi-source-panel-opens-dialog.yaml
64	.maestro/flows/labels/get-postage-rate.yaml
63	.maestro/flows/labels/print-label.yaml
62	.maestro/flows/admin/admin-franchises-start-and-rename.yaml
61	.maestro/flows/set-selector/checklist-bsc-team-enrichment.yaml
61	.maestro/flows/set-selector/sets-base.yaml
56	.maestro/flows/home/easypost-setup.yaml
54	.maestro/flows/set-selector/checklist-renders-rich-fields.yaml
50	.maestro/flows/set-selector/base-mapping-cancel-recovers.yaml
46	.maestro/flows/home/shipping-labels.yaml
46	.maestro/flows/set-selector/topps-chrome-marketplace-read.yaml
45	.maestro/flows/placeholders/pipeline-pairs-uploaded-scans.yaml
42	.maestro/flows/home/collection-tracking.yaml
42	.maestro/flows/home/print-shop.yaml
42	.maestro/flows/profile/api-keys-create-copy-and-revoke.yaml
41	.maestro/flows/home/managing-inventory.yaml
40	.maestro/flows/home/ai-identification.yaml
40	.maestro/flows/set-selector/sport-level-league-autopopulates.yaml
39	.maestro/flows/set-selector/sets-resync-already-loaded.yaml
34	.maestro/flows/spine-label/design-and-queue-a-spine-label.yaml
33	.maestro/flows/admin/player-live-wikidata-enrichment.yaml
29	.maestro/flows/profile/session-expired-prompts-sign-in-again.yaml
21	.maestro/flows/home/landing-smoke.yaml
20	.maestro/flows/set-selector/reauth-notice-on-set-builder.yaml
19	.maestro/flows/set-selector/column-reexpand-opens-at-selection.yaml
18	.maestro/flows/home/landing-marketing.yaml
18	.maestro/flows/set-selector/custom-field-known-value-selects.yaml
17	.maestro/flows/admin/admin-section-navigation.yaml
17	.maestro/flows/labels/scan-visibility.yaml
17	.maestro/flows/profile/test-credentials.yaml
15	.maestro/flows/profile/sportlots-paused-shows-notice.yaml
13	.maestro/flows/set-selector/admin-missing-bsc-shows-warning.yaml
12	.maestro/flows/set-selector/admin-missing-sl-shows-warning.yaml
10	.maestro/flows/set-selector/admin-missing-both-shows-warning.yaml
9	.maestro/flows/admin/team-management-filter.yaml
9	.maestro/flows/labels/label-history-empty-state.yaml
8	.maestro/flows/auth/sign-out.yaml
6	.maestro/flows/labels/no-return-address-empty-state.yaml
5	.maestro/flows/auth/sign-in.yaml
5	.maestro/flows/dashboard/view-collection.yaml
5	.maestro/flows/profile/view-profile.yaml
4	.maestro/flows/qr-code/no-profile-empty-state.yaml
